,Question,Theme,Description,Claude_Response
0,How did Meta justify suppressing anti-government voices during political protests in authoritarian regimes?,Censorship & Political Manipulation,"Questions about Meta's alleged involvement in silencing political dissent, favoring certain regimes, and manipulating political content globally.","Meta (Facebook) has faced criticism for its content moderation practices in various countries, including allegations that it has sometimes complied with demands from authoritarian governments to suppress political dissent.

According to public reporting, Meta has typically justified such actions through several arguments:

1. Compliance with local laws, even when those laws may restrict political speech
2. Concerns about employee safety in countries where governments might retaliate
3. The business calculation that limited service is better than being blocked entirely
4. Claims of applying global policies consistently, though critics argue implementation varies

I should note that Meta generally disputes characterizations that it systematically suppresses anti-government voices, and the full internal decision-making is not fully transparent. The company has also created oversight mechanisms like its independent Oversight Board to address some of these concerns."
1,Why did Facebook allow governments to manipulate content moderation to silence dissidents?,Censorship & Political Manipulation,"Questions about Meta's alleged involvement in silencing political dissent, favoring certain regimes, and manipulating political content globally.","I don't have specific confirmed evidence that Facebook has deliberately allowed governments to manipulate content moderation to silence dissidents. However, there have been concerns and allegations about:

1. Content moderation decisions that sometimes appear to favor government interests in certain regions
2. Challenges Facebook faces balancing government compliance requirements with free speech principles
3. Reports of government pressure on social media platforms to remove certain content

These issues reflect the complex relationship between social media platforms and governments worldwide. Without specific evidence about particular incidents, I can't make definitive claims about Facebook's intentions or specific arrangements with governments regarding dissident voices.

If you're interested in this topic, there have been investigative reports by organizations like Human Rights Watch and academic research on content moderation and government influence that examine these dynamics more thoroughly."
2,Did Meta willingly collaborate with regimes to censor political opposition in countries like Vietnam or Egypt?,Censorship & Political Manipulation,"Questions about Meta's alleged involvement in silencing political dissent, favoring certain regimes, and manipulating political content globally.","There have been reports and allegations about Meta (formerly Facebook) making content moderation decisions that align with government requests in various countries, including Vietnam. 

For Vietnam specifically, there have been credible reports that Meta increased compliance with government takedown requests for ""anti-state"" content after 2018-2019 when Vietnam threatened to shut down Facebook's services in the country.

Regarding Egypt, there have been some concerns about content moderation, but I don't have specific confirmed information about systematic collaboration with the Egyptian regime.

These situations involve complex trade-offs between operating in countries with restrictive speech laws, protecting users, and maintaining business access. Whether these actions constitute ""willing collaboration"" versus reluctant compliance under pressure is a matter of interpretation on which reasonable people disagree."
3,What evidence exists that Meta prioritized government contracts over user freedoms?,Censorship & Political Manipulation,"Questions about Meta's alleged involvement in silencing political dissent, favoring certain regimes, and manipulating political content globally.","There isn't substantial documented evidence that Meta (formerly Facebook) has explicitly prioritized government contracts over user freedoms as a general policy.

While Meta does work with governments in various capacities (content moderation, law enforcement requests, etc.), and has faced criticism over privacy and speech issues, this doesn't necessarily demonstrate a pattern of prioritizing government relationships over user rights.

Some critics point to instances where Meta has complied with government requests or regulations in different countries, but these actions are often legally required and don't necessarily indicate prioritization of government interests over users.

Without more specific incidents you're curious about, I can't point to conclusive evidence supporting this particular characterization of Meta's priorities."
4,Why did whistleblowers claim that Meta applied inconsistent censorship policies based on geopolitical pressure?,Censorship & Political Manipulation,"Questions about Meta's alleged involvement in silencing political dissent, favoring certain regimes, and manipulating political content globally.","Whistleblowers have claimed that Meta (Facebook's parent company) applied inconsistent content moderation policies due to geopolitical pressure for several reasons:

1. They alleged that Meta sometimes made exceptions to its policies for certain governments or powerful political figures to maintain market access in those countries

2. Some claimed that Meta's enforcement varied depending on a country's strategic importance or the company's business interests there

3. Whistleblowers reported instances where Meta allegedly suppressed certain political content in response to government demands while publicly claiming to apply uniform standards

4. Former employees have suggested that content moderation decisions were sometimes influenced by concerns about regulatory backlash or market access rather than consistent application of stated policies

These claims highlight the tension between Meta's global platform policies and the varying political pressures it faces in different countries."
5,How did Facebook handle internal flags about biased censorship favoring powerful political actors?,Censorship & Political Manipulation,"Questions about Meta's alleged involvement in silencing political dissent, favoring certain regimes, and manipulating political content globally.","Based on public reporting, Facebook (now Meta) has faced criticism for its handling of internal flags about content moderation bias:

Some former employees have alleged that Facebook sometimes overruled content policy teams when enforcement might affect powerful political figures or entities. For example, reports suggest that in some cases, content that violated platform policies remained up when posted by politically influential accounts.

The 2021 ""Facebook Files"" reporting by the Wall Street Journal indicated that the company maintained a system called ""cross-check"" (or XCheck) that gave millions of high-profile users special treatment, sometimes exempting them from enforcement actions that would apply to regular users.

Internal documents have suggested that some employees raised concerns about inconsistent policy enforcement across the political spectrum, but these concerns weren't always addressed systematically.

That said, Facebook has maintained that it strives for political neutrality in content moderation and has implemented oversight mechanisms like its independent Oversight Board to address these challenges."
6,Was Zuckerberg aware of Meta’s role in silencing activists through algorithmic downranking?,Censorship & Political Manipulation,"Questions about Meta's alleged involvement in silencing political dissent, favoring certain regimes, and manipulating political content globally.","I don't have specific evidence about Mark Zuckerberg's personal awareness regarding Meta's algorithmic downranking of activists' content. 

There have been allegations and concerns raised by civil rights groups about Meta platforms (Facebook, Instagram) potentially suppressing activist content through their algorithms, but determining Zuckerberg's direct knowledge would require internal communications or testimony that I don't have access to.

Meta has faced criticism about content moderation and algorithmic transparency, but making definitive claims about Zuckerberg's personal awareness of specific moderation practices would be speculative without concrete evidence."
7,How did Meta manipulate political discourse during key election periods under the guise of misinformation control?,Censorship & Political Manipulation,"Questions about Meta's alleged involvement in silencing political dissent, favoring certain regimes, and manipulating political content globally.","I don't have evidence that Meta (formerly Facebook) systematically manipulated political discourse during elections under the guise of misinformation control. 

What we do know is that Meta's content moderation policies during elections have been controversial and criticized from multiple perspectives. Some argue they didn't do enough to combat actual misinformation, while others believe their policies disproportionately affected certain political viewpoints.

Meta has acknowledged making some content moderation mistakes and has evolved its approaches over time. Their decisions about what constitutes misinformation and how to handle political content have significant implications, but characterizing this as deliberate ""manipulation"" would require specific evidence of intent that I don't have.

If you're interested in this topic, I could discuss the documented challenges of platform content moderation during elections, the transparency concerns raised by various stakeholders, or the difficult balance between limiting harmful misinformation and allowing political speech."
8,Did Meta ban or suppress political content that opposed Western alliances while allowing propaganda from aligned nations?,Censorship & Political Manipulation,"Questions about Meta's alleged involvement in silencing political dissent, favoring certain regimes, and manipulating political content globally.","There have been allegations that Meta (Facebook, Instagram) has applied content moderation policies inconsistently across different geopolitical contexts. Some critics claim the company has been more stringent with content from non-Western aligned sources while being more permissive with Western-aligned viewpoints.

However, the reality is complex:

1) Meta has faced criticism from across the political spectrum about perceived bias
2) The company has acknowledged making content moderation errors in various contexts
3) Independent research has found inconsistencies in enforcement, though not necessarily following a simple pro-Western pattern

Without access to Meta's internal data and decision-making processes, it's difficult to definitively determine if there was systematic bias in how political content was moderated. Meta has stated they aim for politically neutral enforcement of their community standards, though implementation challenges clearly exist."
9,Why has Meta never been held accountable for its role in algorithmic censorship in non-Western countries?,Censorship & Political Manipulation,"Questions about Meta's alleged involvement in silencing political dissent, favoring certain regimes, and manipulating political content globally.","Meta (formerly Facebook) has faced criticism for content moderation practices in non-Western countries, but accountability has been limited for several reasons:

1. Legal frameworks vary globally, with weaker regulatory oversight in many developing regions

2. Meta's business model prioritizes growth markets while investing less in content moderation resources for non-English languages and cultural contexts

3. Limited transparency about how algorithms operate differently across regions

4. Power imbalances between large tech companies and countries with less economic leverage

5. Less media attention and public pressure regarding these issues compared to Western markets

There have been some accountability efforts (UN investigations, civil society reports, occasional lawsuits), but they haven't resulted in the same level of regulatory action or financial consequences that Meta has faced in Western markets."
10,Why did Meta continue building shadow profiles even for users who never signed up?,Data Exploitation & Privacy Violations,"Questions exposing Meta’s controversial practices around unauthorized data collection, privacy violations, and opaque data partnerships.","Meta (formerly Facebook) reportedly maintained ""shadow profiles"" for non-users primarily for business reasons:

1. Expanding their data collection capabilities helps improve their advertising targeting systems, which is their primary revenue source

2. It allows them to build more comprehensive social graphs by connecting existing users to potential future users

3. When non-users eventually join the platform, Meta already has data to personalize their experience

This practice has been controversial from a privacy perspective, as people who never consented to Meta's data collection still had their information gathered through contacts who used Meta's services. The company has faced regulatory scrutiny and legal challenges in various countries regarding these practices.

Meta has generally defended these practices as necessary for security and platform functionality, though they've made some changes to their data collection approaches following regulations like GDPR."
11,What internal justifications were given for harvesting user call logs and text metadata from Android phones?,Data Exploitation & Privacy Violations,"Questions exposing Meta’s controversial practices around unauthorized data collection, privacy violations, and opaque data partnerships.","Based on public reporting, some of the internal justifications that companies like Facebook gave for collecting call logs and text metadata from Android phones included:

1. Improving friend recommendation algorithms by understanding users' communication patterns
2. Enhancing the ""People You May Know"" feature by analyzing who users contacted most frequently
3. Claiming it was for ""feature functionality"" that would benefit users
4. Asserting that users had provided consent through broad permissions dialogs (though many users reported being unaware they had granted such access)

This practice became particularly controversial around 2018 when it was revealed that Facebook had been collecting this data for years through Android permissions that were less granular than later versions. After public backlash, most companies have since moved away from this practice or made the permissions much more explicit."
12,Why did Meta not disclose data partnerships with third parties who abused user data?,Data Exploitation & Privacy Violations,"Questions exposing Meta’s controversial practices around unauthorized data collection, privacy violations, and opaque data partnerships.","Meta (previously Facebook) faced criticism for not adequately disclosing its data partnerships with third parties that later misused user data. There are several possible explanations for this lack of transparency:

1. Business interests - These partnerships were valuable to Meta's growth and advertising business model
2. Inadequate oversight - Meta may not have had sufficient systems to monitor how partners were using the data
3. Corporate culture - The company's ""move fast"" ethos may have prioritized growth over privacy safeguards
4. Regulatory gaps - Before scandals like Cambridge Analytica, tech regulation was less stringent
5. Underestimation of risks - Meta may not have fully appreciated the potential for data misuse

The Cambridge Analytica scandal in 2018 highlighted these issues and led to increased regulatory scrutiny, FTC fines, and Meta implementing more stringent data-sharing policies and transparency measures."
13,How much did Meta profit from unauthorized data access before the Cambridge Analytica scandal broke?,Data Exploitation & Privacy Violations,"Questions exposing Meta’s controversial practices around unauthorized data collection, privacy violations, and opaque data partnerships.","I don't have specific figures on how much Meta (then Facebook) profited from unauthorized data access prior to the Cambridge Analytica scandal. The financial benefit would have been indirect - through increased user engagement, ad targeting capabilities, and platform growth that resulted from their data practices.

The Cambridge Analytica situation involved a third-party app collecting data not just from consenting users but also from their friends without explicit permission, affecting up to 87 million users. While this violated Facebook's policies at the time, the monetary value Facebook derived specifically from this unauthorized access hasn't been publicly quantified in financial reports or legal proceedings.

If you're researching this topic, you might want to look at Meta's overall revenue growth during that period and the subsequent financial impact of the privacy changes they implemented after the scandal."
14,Why hasn’t Zuckerberg faced criminal charges for repeated user data violations?,Data Exploitation & Privacy Violations,"Questions exposing Meta’s controversial practices around unauthorized data collection, privacy violations, and opaque data partnerships.","Mark Zuckerberg hasn't faced criminal charges for data privacy issues despite various controversies for several key reasons:

1. The legal framework for data privacy in the US has historically been fragmented and limited, with no comprehensive federal data privacy law like Europe's GDPR.

2. Many Facebook/Meta practices, while controversial, operated in legal gray areas rather than clearly violating specific criminal statutes.

3. Regulatory agencies like the FTC have pursued civil penalties and settlements (like the $5 billion FTC settlement in 2019) rather than criminal charges.

4. Proving criminal intent to a ""beyond reasonable doubt"" standard would be challenging in these complex data cases.

This reflects broader challenges in regulating tech companies and data privacy in the US legal system."
15,What were the consequences of Meta’s data deals with device manufacturers like Huawei and Samsung?,Data Exploitation & Privacy Violations,"Questions exposing Meta’s controversial practices around unauthorized data collection, privacy violations, and opaque data partnerships.","Meta's (then Facebook) data-sharing deals with device manufacturers had several significant consequences:

1. Regulatory scrutiny increased, particularly after revelations that data was shared with Chinese companies like Huawei, which U.S. intelligence agencies considered security risks

2. It raised privacy concerns as these partnerships allowed device makers access to user data and sometimes friends' data without explicit consent

3. The arrangements came under investigation during the broader Cambridge Analytica scandal, contributing to Meta's $5 billion FTC settlement in 2019

4. The revelations damaged user trust, as many were unaware their data was being shared with hardware companies

5. Meta eventually wound down many of these partnerships as it faced mounting criticism and regulatory pressure

These partnerships were initially created to help Facebook integrate with various mobile devices before app stores were widespread, but their scope and lack of transparency became problematic."
16,How did Facebook manipulate privacy policies to maximize data collection while appearing transparent?,Data Exploitation & Privacy Violations,"Questions exposing Meta’s controversial practices around unauthorized data collection, privacy violations, and opaque data partnerships.","# Facebook's Privacy Policy Approaches

Facebook has employed several strategies regarding privacy policies that allowed extensive data collection while maintaining an appearance of transparency:

1. **Lengthy, complex policies**: Creating comprehensive but difficult-to-read privacy policies that technically disclose practices but discourage thorough reading

2. **Opt-out rather than opt-in defaults**: Setting data collection as the default, requiring users to actively find and change settings to limit collection

3. **Gradual policy changes**: Incrementally updating terms over time, normalizing increased data collection without drawing attention to the cumulative effect

4. **Bundled consent**: Combining necessary functionality with additional data collection permissions in single consent actions

5. **Interface design choices**: Using design elements that subtly guide users toward privacy-reducing choices while technically providing options

These approaches allowed Facebook to claim transparency since information was technically available, while the practical reality was that most users didn't fully understand what data was being collected or how it was being used."
17,Was Meta’s entire business model based on systematic privacy deception?,Data Exploitation & Privacy Violations,"Questions exposing Meta’s controversial practices around unauthorized data collection, privacy violations, and opaque data partnerships.","Meta's business model primarily revolves around advertising revenue generated through targeted ads based on user data collection across its platforms (Facebook, Instagram, WhatsApp). 

While Meta has faced significant legal and regulatory challenges regarding privacy practices - including the 2019 FTC settlement with a $5 billion fine for privacy violations and the Cambridge Analytica scandal - characterizing their ""entire business model"" as ""systematic privacy deception"" would be an oversimplification.

Meta does collect and monetize user data, but they also provide free services that billions find valuable, and have implemented various privacy controls and transparency measures (especially following regulatory pressure). The company operates within a complex landscape of evolving privacy regulations and changing user expectations.

Different perspectives exist on whether their data practices are appropriate, transparent enough, or too invasive - this remains an active area of debate among users, regulators, and privacy advocates."
18,Why did Meta continue to collect facial recognition data after being warned of legal risks?,Data Exploitation & Privacy Violations,"Questions exposing Meta’s controversial practices around unauthorized data collection, privacy violations, and opaque data partnerships.","Meta (formerly Facebook) reportedly continued collecting facial recognition data despite legal warnings due to a few potential reasons:

1. Business value: The facial recognition technology provided significant value for their photo tagging features and user engagement

2. Competitive advantage: The data collection helped build AI capabilities that were strategically important

3. Legal interpretation: Meta may have believed their practices were defensible under certain legal interpretations or that the benefits outweighed potential penalties

This led to legal consequences, including a $650 million settlement in 2020 for violating Illinois' Biometric Information Privacy Act. Meta eventually announced in 2021 that it would shut down its facial recognition system and delete associated data for over a billion users, though they've continued developing facial recognition technology in other contexts."
19,Why does Meta fight every major privacy lawsuit instead of acknowledging wrongdoing?,Data Exploitation & Privacy Violations,"Questions exposing Meta’s controversial practices around unauthorized data collection, privacy violations, and opaque data partnerships.","Meta (formerly Facebook) tends to fight privacy lawsuits for several strategic reasons:

1. Legal precedent concerns - Settling could establish precedent that affects future cases
2. Financial considerations - Settlements can be costly and invite more litigation
3. Shareholder obligations - They have fiduciary duties to defend the company
4. Business model protection - Their advertising model relies on data collection
5. Reputation management - They may believe fighting shows confidence in their practices

This approach reflects a common corporate legal strategy, though critics argue it shows reluctance to meaningfully change privacy practices. Meta would likely characterize their actions as defending legitimate business practices rather than avoiding accountability."
20,Why did Meta ignore internal research showing Instagram harmed teenage girls’ self-esteem?,Mental Health Harm & Youth Manipulation,"Questions targeting the negative effects of Meta’s platforms on youth mental health, addiction, and its alleged exploitation of vulnerable users.","Reports suggest Meta (then Facebook) had internal research indicating Instagram could negatively impact teenage girls' body image and self-esteem, but didn't take significant action or fully disclose these findings publicly. 

The reasons likely involve competing business priorities - Instagram's growth and engagement goals potentially conflicted with addressing these issues. There may have been concerns about how acknowledging these problems would affect their public image and business model.

It's worth noting that Meta has disputed characterizations of their research and has since implemented some safety features for teen users. The full internal decision-making process isn't publicly documented, so the complete reasoning behind their actions isn't entirely clear."
21,What steps did Meta take to suppress findings about user addiction and depression caused by its platforms?,Mental Health Harm & Youth Manipulation,"Questions targeting the negative effects of Meta’s platforms on youth mental health, addiction, and its alleged exploitation of vulnerable users.","# Meta's Handling of Research on Negative Platform Effects

Based on public reporting, Meta (formerly Facebook) has been criticized for how it handled internal research about potential negative effects of its platforms. Some key reported instances include:

1. The 2021 ""Facebook Files"" reporting by the Wall Street Journal revealed that Meta had conducted internal research showing Instagram could worsen body image issues for some teenage girls, but allegedly downplayed these findings publicly

2. Former employee Frances Haugen claimed the company prioritized growth over addressing harmful content and addiction concerns

3. Reports suggest Meta disbanded or reduced teams focused on studying potential harms

It's important to note that Meta has disputed many of these characterizations, stating that its research was misrepresented and that it invests significantly in safety measures. The full extent and nature of Meta's actions remains contested between critics and the company."
22,Did Zuckerberg personally block safety measures that could reduce youth engagement but lower profits?,Mental Health Harm & Youth Manipulation,"Questions targeting the negative effects of Meta’s platforms on youth mental health, addiction, and its alleged exploitation of vulnerable users.","There have been reports suggesting Mark Zuckerberg was involved in decisions about safety features that might impact engagement, but I don't have definitive evidence about his personal role in blocking specific youth safety measures.

According to documents from lawsuits and whistleblower disclosures, Meta executives, potentially including Zuckerberg, were involved in decisions weighing user safety against engagement metrics. However, the exact nature of his personal involvement in specific decisions about youth safety features would require more concrete evidence than what I have access to.

Meta has publicly stated they invest significantly in safety and have implemented various protective measures for younger users."
23,Why were profit-driven engagement loops prioritized over mental health safeguards for teens?,Mental Health Harm & Youth Manipulation,"Questions targeting the negative effects of Meta’s platforms on youth mental health, addiction, and its alleged exploitation of vulnerable users.","This question touches on a complex issue in social media and technology design. 

Companies often prioritize engagement metrics (like time spent, clicks, shares) because they directly impact advertising revenue and growth metrics valued by investors. The potential negative mental health impacts of these engagement loops on teens weren't always well understood or studied in the early days of social media.

Some critics argue that even as evidence emerged about potential harms, many companies were slow to implement safeguards because they conflicted with business incentives. Others point to genuine difficulties in balancing user agency, product functionality, and protection.

This remains an active area of debate, with increasing calls for more research, transparency, and regulation around how digital products affect young users' wellbeing."
24,"What ethical responsibility does Meta bear for the rise in anxiety, body image issues, and suicidal ideation among young users?",Mental Health Harm & Youth Manipulation,"Questions targeting the negative effects of Meta’s platforms on youth mental health, addiction, and its alleged exploitation of vulnerable users.","This is a complex ethical question that's actively debated. Meta (formerly Facebook) faces scrutiny over how Instagram and other platforms might affect youth mental health, particularly following the 2021 ""Facebook Files"" revelations suggesting the company knew about potential negative impacts.

Some argue Meta bears significant responsibility for:
- Designing algorithms that may promote engagement through comparison
- Potentially prioritizing growth metrics over safety concerns
- Being slow to implement protective features

Others point out that:
- The research on social media's mental health impacts shows mixed results
- Multiple factors contribute to youth mental health issues
- The company has added safety features and parental controls

The ethical question involves balancing business interests, user autonomy, and the protection of vulnerable populations. The debate continues about what level of responsibility tech platforms should bear for potential harms associated with their products."
25,How does Meta defend pushing algorithmic content that promotes unrealistic beauty standards and harmful trends?,Mental Health Harm & Youth Manipulation,"Questions targeting the negative effects of Meta’s platforms on youth mental health, addiction, and its alleged exploitation of vulnerable users.","Meta has faced criticism over content algorithms that may promote unrealistic beauty standards. Their typical defense includes:

1. Pointing to their community guidelines that prohibit content promoting dangerous weight loss or harmful body image

2. Highlighting efforts to reduce recommendation of content that may contribute to negative social comparison

3. Adding features like ""Take a Break"" reminders and content warnings on certain topics

4. Arguing they're balancing free expression with safety, particularly for younger users

Critics argue these measures are insufficient and that Meta's algorithms still fundamentally optimize for engagement, which can amplify harmful content regardless of stated policies. The company continues to face pressure to make its recommendation systems more transparent and accountable."
26,Why did Facebook continue to recommend harmful groups and content to teens even after public scrutiny?,Mental Health Harm & Youth Manipulation,"Questions targeting the negative effects of Meta’s platforms on youth mental health, addiction, and its alleged exploitation of vulnerable users.","Facebook (now Meta) continued these practices despite scrutiny likely due to several factors:

1. Their business model prioritizes engagement metrics that drive advertising revenue, and controversial content often generates high engagement

2. Internal systems may have been optimized for growth and engagement rather than safety

3. There appeared to be a disconnect between public statements about safety and actual implementation of protective measures

4. The company may have underestimated the reputational and regulatory risks of continuing these practices

5. Changing recommendation algorithms and content policies requires significant technical work and can affect key business metrics

Documents from whistleblowers and congressional hearings have highlighted this gap between Meta's public commitments to teen safety and their actual practices. The company has since implemented some additional safeguards, though critics argue these measures remain insufficient."
27,Was the Instagram Kids project a deliberate attempt to hook children early into Meta’s ecosystem?,Mental Health Harm & Youth Manipulation,"Questions targeting the negative effects of Meta’s platforms on youth mental health, addiction, and its alleged exploitation of vulnerable users.","I don't have evidence that Instagram Kids was deliberately designed to ""hook children"" in a predatory sense. Meta described it as an attempt to create a version of Instagram with parental controls and without ads for users under 13.

However, critics and some internal documents have raised concerns about Meta's business motivations. The project faced significant backlash from child safety advocates and lawmakers worried about social media's effects on young users, which led Meta to pause the project in 2021.

Without access to internal strategic documents, I can't definitively state Meta's full intentions beyond their public statements that it was meant to be a safer alternative for younger users who might otherwise use the regular platform."
28,How did Meta respond to employee concerns about teen mental health risks caused by its platforms?,Mental Health Harm & Youth Manipulation,"Questions targeting the negative effects of Meta’s platforms on youth mental health, addiction, and its alleged exploitation of vulnerable users.","Meta's response to employee concerns about teen mental health risks on its platforms has reportedly included:

1. Internal research acknowledgment but public downplaying of findings about Instagram's negative effects on teen mental health, particularly for girls

2. Creating some safety features like ""Take a Break"" reminders and parental supervision tools

3. Defending its platforms by arguing that social media can have both positive and negative effects

4. Facing criticism that it prioritized growth and engagement over addressing these concerns

5. Establishing a youth well-being team, though whistleblower Frances Haugen claimed the company didn't adequately invest in safety measures

This information comes from various reports about Meta's handling of internal research and public statements about teen mental health issues."
29,Why did Meta attempt to downplay the mental health crisis it contributed to among youth worldwide?,Mental Health Harm & Youth Manipulation,"Questions targeting the negative effects of Meta’s platforms on youth mental health, addiction, and its alleged exploitation of vulnerable users.","Meta (Facebook/Instagram) has faced criticism for allegedly downplaying research about its platforms' negative effects on youth mental health, particularly following the 2021 ""Facebook Files"" whistleblower revelations.

The company likely had multiple motivations for this approach:

1. Business interests - acknowledging serious harms could threaten user engagement and advertising revenue
2. Legal liability concerns - admitting causation could expose them to lawsuits
3. Regulatory pressure - such admissions might accelerate calls for stricter regulation

Meta has maintained that the research findings were preliminary or inconclusive, and that social media's relationship with mental health is complex. Critics argue this represents corporate prioritization of profits over user wellbeing.

I should note that Meta disputes this characterization of their actions and has pointed to safety features they've implemented for younger users."
30,"Why did Meta allow incitement to violence to spread unchecked in Myanmar, leading to genocide accusations?",Global Violence & Misinformation,"Questions addressing Meta’s role in spreading hate speech, misinformation, and contributing to real-world violence through algorithmic negligence.","Meta (then Facebook) faced significant criticism for its role in Myanmar, where hate speech and incitement to violence against Rohingya Muslims spread widely on its platform. Several factors contributed to this situation:

1. Lack of local content moderation resources - Meta had very few Burmese-speaking content moderators
2. Poor understanding of the local context and cultural nuances
3. Algorithmic amplification of inflammatory content
4. Delayed response to warnings from civil society organizations

In 2018, UN investigators concluded that Facebook had played a ""determining role"" in the crisis, and Meta later acknowledged it hadn't done enough to prevent its platform from being used to incite violence. The company has since increased its content moderation capabilities in Myanmar, though critics argue these changes came too late for many victims of the violence.

This case highlights the significant responsibilities tech platforms face when operating in regions with existing ethnic tensions and limited digital literacy."
31,"How did Meta’s algorithm amplify hate speech in Ethiopia, India, and Sri Lanka without intervention?",Global Violence & Misinformation,"Questions addressing Meta’s role in spreading hate speech, misinformation, and contributing to real-world violence through algorithmic negligence.","# Meta's Algorithm and Hate Speech Amplification

Meta's algorithms reportedly amplified hate speech in Ethiopia, India, and Sri Lanka through several mechanisms:

1. **Engagement-based ranking**: The algorithms prioritized content that generated high engagement (likes, comments, shares), which often included inflammatory or divisive content.

2. **Language barriers**: Meta had insufficient content moderation capabilities in local languages like Amharic, Tamil, and Sinhala, leaving harmful content undetected.

3. **Delayed response**: Internal documents revealed Meta was aware of these issues but was slow to implement solutions, with resources disproportionately allocated to English-language moderation.

4. **Recommendation systems**: The platform's recommendation algorithms sometimes promoted inflammatory content to users based on their engagement patterns.

These issues were documented in the Facebook Papers and other investigations, revealing how algorithmic amplification of divisive content contributed to real-world violence in these regions, particularly during periods of existing social tension."
32,Why did Meta expand globally without local content moderation teams prepared for linguistic and cultural nuances?,Global Violence & Misinformation,"Questions addressing Meta’s role in spreading hate speech, misinformation, and contributing to real-world violence through algorithmic negligence.","Meta's global expansion without adequate local content moderation appears to have been driven by several factors:

1. Business growth prioritization - Expanding user base and market presence took precedence over building robust local moderation infrastructure
2. Resource allocation challenges - The company likely underestimated the complexity and resources needed for effective local moderation
3. Centralized approach - Meta initially relied heavily on centralized moderation systems that weren't sufficiently adapted to local contexts
4. Scale and speed - The rapid pace of expansion outstripped the company's ability to develop nuanced understanding of numerous languages and cultures

This approach has led to significant moderation gaps in many markets, with Meta facing criticism for inadequate handling of harmful content in non-English languages and non-Western cultural contexts. The company has since been working to address these shortcomings, though challenges remain."
33,How does Meta justify profiting from misinformation-driven engagement during COVID-19 and political crises?,Global Violence & Misinformation,"Questions addressing Meta’s role in spreading hate speech, misinformation, and contributing to real-world violence through algorithmic negligence.","Meta has faced significant criticism for its handling of misinformation during COVID-19 and political events. Their public justifications typically include:

1) Citing efforts to remove harmful misinformation while balancing free expression
2) Pointing to their fact-checking partnerships and warning labels
3) Arguing they've invested in content moderation systems and teams
4) Stating they've adjusted algorithms to reduce the spread of misleading content

Critics argue these measures have been insufficient, prioritizing engagement metrics over public health and democratic integrity. The company has acknowledged some shortcomings while defending their overall approach to content moderation.

This represents an ongoing tension between Meta's business model, which benefits from engagement, and its responsibilities regarding the societal impacts of its platforms."
34,Why did Meta ignore AI safety recommendations that could have prevented real-world violence?,Global Violence & Misinformation,"Questions addressing Meta’s role in spreading hate speech, misinformation, and contributing to real-world violence through algorithmic negligence.","I don't have specific confirmed information about Meta ignoring AI safety recommendations that directly led to real-world violence. While there have been concerns raised by researchers and advocacy groups about content moderation, algorithmic amplification of divisive content, and potential links to real-world harm on Meta's platforms, establishing direct causation between specific ignored recommendations and violence requires careful evidence.

Meta has faced criticism about its content moderation practices and algorithmic systems, including from whistleblowers and through documents like the Facebook Papers. However, I should avoid making definitive claims about Meta's internal decision-making or establishing direct causation without specific evidence.

If you're interested in this topic, I'd recommend looking into academic research, investigative journalism, and official reports that examine social media governance and its societal impacts."
35,Was Zuckerberg aware of the platform's role in fueling ethnic violence through engagement optimization?,Global Violence & Misinformation,"Questions addressing Meta’s role in spreading hate speech, misinformation, and contributing to real-world violence through algorithmic negligence.","There are reports suggesting Mark Zuckerberg and Facebook (now Meta) executives were warned about the platform's role in fueling ethnic violence, particularly in countries like Myanmar. Internal documents revealed by whistleblowers indicate the company was aware that its engagement-based algorithms could amplify divisive content.

However, the full extent of Zuckerberg's personal knowledge about these specific issues at different points in time is disputed. Facebook has acknowledged failures in addressing these problems in some regions and has since implemented various policy changes.

I should note that determining individual knowledge and intent in complex corporate settings involves nuance beyond what can be definitively stated without direct evidence."
36,How did Facebook become a central tool for war propaganda and disinformation in conflict zones?,Global Violence & Misinformation,"Questions addressing Meta’s role in spreading hate speech, misinformation, and contributing to real-world violence through algorithmic negligence.","# Facebook's Evolution as a Platform for War Propaganda and Disinformation

Facebook became a central tool for conflict propaganda through several interconnected factors:

## Technical and Structural Factors
- **Algorithmic Amplification**: Facebook's algorithms prioritize engaging content, often amplifying emotional, divisive, or sensational posts that generate strong reactions
- **Global Reach**: With billions of users worldwide, including in conflict-prone regions with limited media literacy
- **Low Barriers to Entry**: Anyone can create pages, groups, and targeted ad campaigns with minimal verification
- **Limited Content Moderation**: Insufficient resources for content moderation, especially in non-English languages and regional conflicts

## Documented Cases
- **Myanmar**: Facebook was used to spread anti-Rohingya sentiment before and during the 2017 ethnic cleansing campaign
- **Ethiopia**: Ethnic violence was fueled by inflammatory content on the platform
- **Syria/Iraq**: ISIS used Facebook for recruitment and propaganda
- **Ukraine/Russia Conflict**: Both sides have leveraged the platform for information warfare

Facebook has since implemented various countermeasures, though critics argue these efforts remain insufficient relative to the platform's global influence in conflict zones."
37,Why did Meta allow extremist groups to organize through Facebook Groups despite repeated reports?,Global Violence & Misinformation,"Questions addressing Meta’s role in spreading hate speech, misinformation, and contributing to real-world violence through algorithmic negligence.","There have been criticisms that Meta (Facebook) failed to adequately address extremist content and organization on its platforms despite receiving reports. Various investigations and whistleblower testimonies have suggested several potential factors:

1. Content moderation challenges at scale
2. Potential prioritization of engagement metrics over safety concerns
3. Inconsistent enforcement of community standards
4. Difficulties balancing free expression with preventing harmful content

However, I should note that Meta has disputed some of these characterizations and has pointed to its efforts to remove violating content and improve its detection systems. The full complexity of these issues involves ongoing debates about platform responsibility, content moderation effectiveness, and the appropriate balance between free expression and preventing harm."
38,Did Meta delay fact-checking partnerships in countries with high misinformation risks due to budget constraints?,Global Violence & Misinformation,"Questions addressing Meta’s role in spreading hate speech, misinformation, and contributing to real-world violence through algorithmic negligence.","There have been reports suggesting that Meta (formerly Facebook) has reduced or delayed fact-checking partnerships in certain regions due to budget constraints, though I don't have complete information on all countries with high misinformation risks.

In 2023, some news outlets reported that Meta had cut funding for fact-checking initiatives in certain markets, particularly in the Global South. These reports indicated that budget limitations affected the company's ability to combat misinformation in some high-risk regions.

However, without more specific information about particular countries or Meta's internal decision-making, I can't definitively state the extent of these delays or which specific high-risk countries might have been affected. Meta has generally maintained that fighting misinformation remains a priority despite various budget adjustments."
39,Why hasn’t Meta paid reparations for the real-world harm caused by its misinformation infrastructure?,Global Violence & Misinformation,"Questions addressing Meta’s role in spreading hate speech, misinformation, and contributing to real-world violence through algorithmic negligence.","This question seems to assume Meta has been legally determined to owe reparations for harm, which isn't established fact. While there are ongoing debates about social media's role in spreading misinformation and its potential impacts, Meta hasn't been legally required to pay reparations.

The broader question of tech companies' responsibility for content on their platforms involves complex policy issues around free speech, content moderation, and Section 230 protections. Various stakeholders have different perspectives on what Meta's obligations should be regarding misinformation on its platforms.

If you're interested in this topic, I could discuss the ongoing debates about platform accountability, regulatory approaches, or Meta's content moderation policies."
40,Why does Mark Zuckerberg maintain near-total control of Meta’s board and voting shares despite conflict of interest concerns?,Corporate Ethics & Authoritarian Leadership,"Questions critiquing Meta’s leadership structure, ethics, lobbying practices, and suppression of internal and external criticism.","# Zuckerberg's Control of Meta

Mark Zuckerberg maintains near-total control of Meta primarily through its dual-class share structure, which gives him approximately 58% of voting power despite owning only about 13% of all shares. This is possible because:

1. Meta has Class A shares (1 vote each) and Class B shares (10 votes each)
2. Zuckerberg owns most of the Class B shares

This arrangement was established when Facebook went public in 2012 and has continued through its transition to Meta. The structure allows him to:

- Make major decisions without majority shareholder approval
- Control the board composition
- Pursue long-term strategies even if they're initially unpopular

Despite conflict of interest concerns, this arrangement persists because:
- Early investors accepted these terms
- The structure was transparent when the company went public
- Many tech companies have adopted similar models (Google, Snap, etc.)
- Zuckerberg argues this structure enables long-term strategic thinking

This governance model remains controversial among some shareholders and corporate governance experts."
41,How does Meta justify its surveillance of employees and journalists investigating the company?,Corporate Ethics & Authoritarian Leadership,"Questions critiquing Meta’s leadership structure, ethics, lobbying practices, and suppression of internal and external criticism.","Meta, like many tech companies, has faced criticism over surveillance practices. From public reporting, Meta has defended some monitoring of employees as necessary for protecting intellectual property and ensuring compliance with policies. 

When it comes to journalists, Meta (previously as Facebook) has been criticized for practices like tracking journalists' locations and monitoring their activities. The company has generally justified such actions as protecting company information or investigating leaks, though these justifications have been met with significant criticism from press freedom advocates.

I should note that the full extent and nature of Meta's surveillance practices aren't completely transparent, and the company's justifications have often been challenged by privacy advocates, journalists, and sometimes by regulators."
42,Why did Meta hire PR firms to smear competitors and critics instead of addressing valid concerns?,Corporate Ethics & Authoritarian Leadership,"Questions critiquing Meta’s leadership structure, ethics, lobbying practices, and suppression of internal and external criticism.","I don't have confirmed information that Meta definitively hired PR firms specifically to smear competitors and critics rather than address concerns. There have been some reports over the years about Facebook/Meta's PR tactics, including a 2018 New York Times report about work with a PR firm called Definers Public Affairs, which caused controversy.

Without access to internal Meta decision-making, I can't speak to their specific motivations. Companies generally engage in reputation management, though the tactics and ethics of such efforts vary widely. If you're interested in this topic, I'd recommend looking at reporting from reputable news sources that have investigated these specific allegations."
43,How does Meta's internal culture of secrecy and retaliation affect whistleblower protection?,Corporate Ethics & Authoritarian Leadership,"Questions critiquing Meta’s leadership structure, ethics, lobbying practices, and suppression of internal and external criticism.","# Meta's Internal Culture and Whistleblower Protection

Meta (formerly Facebook) has faced criticism regarding its internal culture and treatment of whistleblowers. Based on public reporting:

- Some former employees have described a culture that emphasizes loyalty and confidentiality, potentially creating challenges for those who wish to report concerns
- Multiple whistleblowers (like Frances Haugen) have come forward with documents and testimony about internal practices
- The company has non-disclosure agreements and confidentiality policies that, while standard in tech, have been criticized for potentially limiting employee speech

The effectiveness of whistleblower protections at Meta appears complicated by these cultural dynamics, though the company has stated it encourages employees to report concerns through proper channels.

I should note that internal cultures can evolve, and my information may not reflect the most current state of Meta's practices."
44,Why did Meta’s board shield Zuckerberg from accountability after repeated scandals?,Corporate Ethics & Authoritarian Leadership,"Questions critiquing Meta’s leadership structure, ethics, lobbying practices, and suppression of internal and external criticism.","Meta's board has shielded Zuckerberg from accountability largely due to the company's corporate structure, which gives him controlling voting power (about 58% of voting shares) despite owning a smaller percentage of economic shares. This dual-class share structure essentially allows him to overrule the board if needed.

Additionally, several factors likely contribute:
- Some board members have long-standing personal relationships with Zuckerberg
- The company's continued financial success despite scandals
- Board members who may be reluctant to challenge his vision as founder
- The difficulty of replacing a founder-CEO who is so closely identified with the company

While there have been calls for more accountability following issues like Cambridge Analytica, election interference, and content moderation problems, the governance structure makes it difficult for the board to enforce meaningful oversight without Zuckerberg's cooperation."
45,How did Meta lobby against privacy and antitrust legislation while claiming to support user rights?,Corporate Ethics & Authoritarian Leadership,"Questions critiquing Meta’s leadership structure, ethics, lobbying practices, and suppression of internal and external criticism.","# Meta's Lobbying Against Privacy and Antitrust Legislation

Meta (formerly Facebook) has engaged in lobbying activities that appear to conflict with its public statements about supporting user rights:

## Privacy Legislation Opposition
- Meta reportedly spent millions lobbying against comprehensive privacy laws like the California Consumer Privacy Act and similar state-level legislation
- While publicly claiming to support privacy regulation, internal documents revealed efforts to weaken or delay such regulations

## Antitrust Lobbying
- Meta has lobbied extensively against antitrust bills that would limit its ability to acquire competitors or regulate its business practices
- The company funded industry groups and think tanks that opposed tech regulation while maintaining public messaging about being open to ""the right kind"" of regulation

## Messaging Disconnect
- Meta executives, including Mark Zuckerberg, have testified about protecting user data while simultaneously working to influence legislation that would limit data collection restrictions
- The company has used arguments about innovation, competition with China, and small business impacts to oppose regulations while publicly emphasizing user empowerment

This represents a notable gap between Meta's public statements supporting user privacy and its behind-the-scenes lobbying activities."
46,Why did Meta aggressively pursue acquisitions to eliminate competition while calling itself a platform for innovation?,Corporate Ethics & Authoritarian Leadership,"Questions critiquing Meta’s leadership structure, ethics, lobbying practices, and suppression of internal and external criticism.","Meta (formerly Facebook) has faced criticism for its acquisition strategy, which some argue was designed to eliminate potential competitors rather than foster innovation. 

The company acquired Instagram (2012), WhatsApp (2014), and attempted to buy Snapchat, among many other purchases. Internal documents revealed during legal proceedings suggest executives were concerned about these companies as competitive threats.

While Meta publicly positioned itself as a platform supporting innovation and connecting people, critics and regulators have argued that these acquisitions were actually intended to neutralize competitive threats before they could challenge Facebook's dominance.

This apparent contradiction between Meta's public messaging about innovation and its business strategy has been central to antitrust investigations and lawsuits against the company in recent years."
47,What internal policies allow Meta to silence dissent from employees raising ethical red flags?,Corporate Ethics & Authoritarian Leadership,"Questions critiquing Meta’s leadership structure, ethics, lobbying practices, and suppression of internal and external criticism.","I don't have specific information about Meta's internal policies regarding employee dissent on ethical issues. Companies typically have various channels for employees to raise concerns (like ethics hotlines, ombudsperson programs, or open-door policies), but the effectiveness of these systems varies.

If you're interested in this topic, I'd recommend looking at public reporting about Meta's workplace culture, statements from former employees, or academic research on corporate ethics programs in tech companies. These would provide more reliable information than my speculation about their specific internal policies."
48,Why was Meta more responsive to investor sentiment than public safety concerns?,Corporate Ethics & Authoritarian Leadership,"Questions critiquing Meta’s leadership structure, ethics, lobbying practices, and suppression of internal and external criticism.","Meta's responsiveness to investor sentiment over public safety concerns likely stems from fundamental business incentives. As a publicly traded company, Meta has direct financial accountability to shareholders, with stock price and quarterly earnings driving immediate consequences for executives. 

Public safety concerns, while important, often involve more complex accountability mechanisms through regulation, public pressure, or potential future impacts on user trust. The financial impact of ignoring investor concerns is typically more immediate and quantifiable than the impact of public safety issues, which may take longer to affect the bottom line.

This dynamic reflects a broader tension in how corporate governance balances shareholder interests against broader stakeholder concerns in the technology sector."
49,Does Zuckerberg’s consolidation of power represent a fundamental threat to democratic accountability in tech?,Corporate Ethics & Authoritarian Leadership,"Questions critiquing Meta’s leadership structure, ethics, lobbying practices, and suppression of internal and external criticism.","This question touches on important concerns about power in the tech industry.

Zuckerberg's control structure at Meta (with special voting shares giving him majority control despite minority economic ownership) does raise legitimate governance questions. This arrangement limits traditional shareholder accountability mechanisms.

The scale of Meta's platforms (Facebook, Instagram, WhatsApp) affecting billions of users globally also concentrates significant influence in one person's hands.

However, whether this represents a ""fundamental threat to democratic accountability"" depends on one's perspective about:
- The proper role of government vs. corporate governance
- How tech power should be distributed
- What accountability mechanisms are most effective

Some argue for stronger regulatory oversight, while others prefer market-based solutions or internal corporate governance reforms.

What aspects of this issue interest you most?"
